lsoacode_2011,totalpop_2015
E01000001,1296
E01000002,1156
E01000003,1350
E01000005,1121
E01032739,802
E01032740,962
E01000006,2040
E01000007,2101
E01000008,1566
E01000009,1775
E01000010,3195
E01000011,1670
E01000012,2023
E01000013,1747
E01000014,1669
E01000015,2372
E01000016,1750
E01000017,1516
E01000018,1791
E01000019,1498
E01000020,1947
E01000021,1682
E01000022,1372
E01000023,2791
E01000024,1535
E01000025,1637
E01000027,1858
E01000028,1629
E01000029,1737
E01000030,2155
E01000031,1716
E01000032,1755
E01000033,1520
E01000034,1502
E01000035,1799
E01000036,1493
E01000037,1931
E01000038,1446
E01000039,1657
E01000040,1711
E01000041,1755
E01000042,1986
E01000043,1516
E01000044,1895
E01000045,1710
E01000046,1963
E01000048,1757
E01000049,1923
E01000050,1933
E01000051,1144
E01000052,2134
E01000053,1670
E01000054,1831
E01000055,1684
E01000056,1666
E01000057,1557
E01000058,2022
E01000059,1635
E01000060,1955
E01000061,1854
E01000062,2228
E01000063,1793
E01000064,2107
E01000065,1692
E01000066,2132
E01000067,2149
E01000068,1523
E01000069,1882
E01000070,2154
E01000071,2541
E01000072,2112
E01000073,1780
E01000074,1610
E01000075,1777
E01000076,2047
E01000077,1487
E01000078,1826
E01000079,1662
E01000080,1651
E01000081,1831
E01000082,1953
E01000083,1888
E01000084,1355
E01000085,1829
E01000086,1383
E01000087,1447
E01000088,2060
E01000089,1879
E01000090,1683
E01000091,2081
E01000092,4485
E01000093,1719
E01000094,2120
E01000095,1871
E01000096,1667
E01000097,1815
E01000098,1814
E01000099,2258
E01000100,1744
E01000101,1545
E01000102,1441
E01000103,1500
E01000104,1811
E01000105,2314
E01000106,2159
E01000107,1719
E01000108,1750
E01000109,1871
E01000110,1491
E01000111,1997
E01000112,2058
E01000113,1703
E01000114,2290
E01032580,1394
E01033587,2086
E01033588,1761
E01000115,1375
E01000116,1737
E01000117,1842
E01000118,2134
E01000119,1702
E01000120,1435
E01000121,1498
E01000122,1462
E01000123,1761
E01000124,1696
E01000125,3196
E01000126,2338
E01000127,1546
E01000128,1921
E01000129,1812
E01000130,1771
E01000131,1819
E01000132,1557
E01000133,1674
E01000134,1743
E01000135,1616
E01000136,1559
E01000137,1756
E01000138,1492
E01000139,1532
E01000140,1836
E01000141,2273
E01000142,2563
E01000143,1467
E01000144,1763
E01000145,1652
E01000146,1814
E01000147,1876
E01000148,2649
E01000150,2246
E01000151,1747
E01000152,1764
E01000153,1867
E01000154,1345
E01000155,3602
E01000156,2097
E01000157,1600
E01000158,1588
E01000159,1828
E01000160,1978
E01000161,2407
E01000162,1683
E01000163,1709
E01000164,1858
E01000165,1892
E01000166,1640
E01000167,1361
E01000168,1614
E01000169,1602
E01000170,1707
E01000171,1999
E01000172,1707
E01000173,1790
E01000174,1875
E01000175,1568
E01000176,1651
E01000177,1746
E01000178,1817
E01000179,1754
E01000180,1718
E01000181,1746
E01000182,1919
E01000183,1502
E01000184,1645
E01000185,1547
E01000186,1680
E01000187,1766
E01000188,1581
E01000189,1481
E01000190,1645
E01000191,1559
E01000192,2022
E01000193,1910
E01000194,1839
E01000195,2007
E01000196,2008
E01000197,1889
E01000198,2065
E01000199,1636
E01000200,1940
E01000201,1582
E01000202,1766
E01000203,1824
E01000204,1737
E01000205,1610
E01000206,1538
E01000207,1572
E01000208,1644
E01000209,1502
E01000210,1571
E01000211,2240
E01000212,1489
E01000213,1405
E01000214,1760
E01000215,2222
E01000216,2082
E01000217,1830
E01000218,1946
E01000219,1982
E01000220,2075
E01000221,1372
E01000222,1733
E01000223,1381
E01000224,1653
E01000225,1979
E01000226,1792
E01000227,1944
E01000228,1518
E01000229,1767
E01000230,1867
E01000231,2003
E01000232,1983
E01000233,1884
E01000234,1819
E01000235,1816
E01000236,1956
E01000237,2138
E01000238,2035
E01000239,2018
E01000240,1751
E01000241,1794
E01000242,1722
E01000243,1891
E01000244,1680
E01000245,2173
E01000246,1546
E01000247,1764
E01000248,1779
E01000249,1522
E01000250,2660
E01000251,2030
E01000252,1719
E01000253,1648
E01000254,1596
E01000255,1400
E01000256,1887
E01000257,1868
E01000258,1767
E01000259,2721
E01000260,2064
E01000261,1681
E01000262,2455
E01000263,1575
E01000264,1816
E01000265,2006
E01000266,1508
E01000267,1538
E01000268,1980
E01000269,1481
E01000270,1517
E01000271,1580
E01000272,1322
E01000273,1547
E01000274,1955
E01000275,1717
E01000276,1494
E01000277,1918
E01000278,1511
E01000279,1511
E01000280,1364
E01000281,976
E01000282,1814
E01000283,1405
E01000284,1767
E01000285,1382
E01000286,1670
E01000287,1667
E01000288,1641
E01000289,1907
E01000290,1614
E01000291,1647
E01000292,1571
E01000293,1787
E01000294,1827
E01000295,1731
E01000296,1790
E01000297,1551
E01000298,1932
E01000299,1991
E01000300,1689
E01000301,1520
E01000302,2119
E01000303,1663
E01000304,1672
E01000305,1850
E01000306,1677
E01000307,1640
E01000308,1706
E01000309,1889
E01000310,2093
E01000311,1745
E01000312,1766
E01000313,2149
E01000314,1985
E01000315,1768
E01000316,2475
E01000317,1655
E01000318,1903
E01000319,1601
E01000320,1581
E01000321,1766
E01000322,1844
E01000323,2269
E01000324,1895
E01033572,2292
E01033573,2389
E01000325,1630
E01000326,1326
E01000327,1590
E01000328,1506
E01000329,1479
E01000330,1618
E01000331,1611
E01000332,1631
E01000333,1836
E01000334,1636
E01000335,2225
E01000336,2062
E01000337,1743
E01000338,1979
E01000339,1561
E01000340,1524
E01000341,1561
E01000342,1621
E01000343,1587
E01000344,1559
E01000345,1351
E01000346,1685
E01000347,1482
E01000348,1520
E01000349,1654
E01000350,1514
E01000351,1614
E01000352,1697
E01000353,1691
E01000354,1510
E01000355,1630
E01000356,1654
E01000357,1467
E01000358,1683
E01000359,1290
E01000360,1715
E01000361,1609
E01000362,1598
E01000363,1516
E01000364,1607
E01000365,1772
E01000366,1693
E01000367,1739
E01000368,1583
E01000369,1639
E01000370,1628
E01000371,1632
E01000372,1661
E01000373,614
E01000374,1610
E01000375,1898
E01000376,1595
E01000377,1502
E01000378,2720
E01000379,1775
E01000380,1708
E01000381,1683
E01000382,1567
E01000383,1507
E01000384,1745
E01000385,1979
E01000386,1537
E01000387,1582
E01000388,1523
E01000389,1759
E01000390,1282
E01000391,1722
E01000392,1877
E01000393,1668
E01000394,1545
E01000395,1446
E01000396,1402
E01000398,1610
E01000399,1609
E01000400,1584
E01000401,1864
E01000402,1548
E01000403,2194
E01000404,2424
E01000405,1463
E01000406,1675
E01000407,1563
E01000408,1804
E01000409,1698
E01000410,1654
E01000411,1428
E01000412,1828
E01000413,1370
E01000414,1817
E01000415,1488
E01000416,1654
E01000417,1764
E01000418,2038
E01000419,1338
E01000420,1576
E01000421,1519
E01000422,1893
E01000423,1702
E01000424,1690
E01000425,1767
E01000426,1656
E01000427,2189
E01000428,1619
E01000429,1656
E01000430,2058
E01000431,1848
E01000432,1813
E01000433,1980
E01000434,1675
E01000435,1407
E01000436,1733
E01000437,1363
E01000438,1713
E01000439,1440
E01000440,1438
E01000441,1644
E01000442,1637
E01000443,1278
E01000444,1696
E01000445,1659
E01000446,1562
E01000447,1789
E01000448,1372
E01000449,1495
E01000450,1865
E01000451,1736
E01000452,1442
E01000453,1507
E01000454,1616
E01000455,1765
E01000456,1492
E01000457,2024
E01000458,1431
E01000459,1847
E01000460,1291
E01000461,1620
E01000462,1734
E01000463,1297
E01000464,1569
E01000465,1699
E01000466,1810
E01000467,1864
E01000468,3085
E01000469,1817
E01000470,1365
E01032566,1864
E01000471,1586
E01000472,1584
E01000473,2356
E01000474,2234
E01000475,2124
E01000476,1780
E01000477,2251
E01000478,1787
E01000479,1646
E01000480,1789
E01000481,1528
E01000482,3007
E01000483,1853
E01000484,1541
E01000485,1400
E01000486,1643
E01000487,1952
E01000488,1608
E01000489,1493
E01000490,1706
E01000491,2038
E01000492,1337
E01000493,1610
E01000494,1692
E01000495,1615
E01000497,1636
E01000498,1660
E01000499,1669
E01000501,1853
E01000502,1715
E01000503,2018
E01000504,1727
E01000505,1732
E01000506,1855
E01000507,1627
E01000508,2165
E01000509,1518
E01000510,1718
E01000511,1606
E01000512,1856
E01000513,1630
E01000514,1538
E01000515,1875
E01000516,1670
E01000517,1581
E01000518,1668
E01000519,1948
E01000520,1728
E01000521,2322
E01000522,1933
E01000523,2573
E01000524,2750
E01000525,2057
E01000526,2277
E01000527,2144
E01000528,1551
E01000530,1792
E01000531,2150
E01000532,1713
E01000533,2262
E01000534,1695
E01000535,2246
E01000536,1627
E01000538,1478
E01000539,1582
E01000540,1410
E01000541,1427
E01000543,1546
E01000544,1540
E01000545,1813
E01000546,1675
E01000547,1761
E01000548,2151
E01000549,1956
E01000550,1781
E01000551,2452
E01000552,1678
E01000553,2269
E01000554,1947
E01000555,1598
E01000556,2153
E01000557,1870
E01000558,1544
E01000559,1510
E01000560,1677
E01000561,1809
E01000562,1488
E01000563,1414
E01000564,1663
E01000565,1615
E01000566,1520
E01000567,1357
E01000568,3024
E01000569,1471
E01000570,1684
E01000571,1768
E01000572,1496
E01000573,1632
E01000574,1387
E01000575,2010
E01000576,1696
E01000577,2376
E01000578,2004
E01000579,1562
E01000580,1977
E01000581,1503
E01000582,1744
E01000583,2182
E01000584,1642
E01000585,1808
E01000586,2661
E01000587,1668
E01000588,2105
E01000589,2069
E01000590,1793
E01000591,2191
E01000592,1601
E01000593,2186
E01000594,1717
E01000595,1674
E01000596,1779
E01000599,1179
E01000600,2736
E01000601,1413
E01000602,1511
E01000603,1525
E01000604,1730
E01000605,1610
E01000606,1786
E01000607,2282
E01000608,2420
E01000609,2087
E01000610,2151
E01000611,1374
E01000612,1554
E01000613,1829
E01000615,1929
E01000616,1772
E01000617,1882
E01000618,1516
E01000619,1548
E01000620,1705
E01000621,1768
E01000622,1768
E01000623,1739
E01000624,1710
E01000625,1576
E01000626,1526
E01000627,2184
E01000628,1957
E01000629,1932
E01000630,2582
E01000631,2084
E01000632,2356
E01000633,2250
E01000634,2685
E01000635,2746
E01000636,2089
E01000637,1655
E01000638,2171
E01000639,1801
E01000640,2541
E01000641,2088
E01000642,2238
E01000643,2293
E01000644,1947
E01033424,2486
E01033455,1347
E01033456,2365
E01033457,1729
E01033463,2874
E01033464,2889
E01033485,2189
E01000645,1443
E01000646,1668
E01000647,1628
E01000648,1829
E01000649,1988
E01000650,1995
E01000651,1693
E01000652,1583
E01000653,1537
E01000654,1293
E01000655,1388
E01000656,1407
E01000657,1529
E01000658,1285
E01000659,1435
E01000661,2378
E01000662,1760
E01000663,1739
E01000664,1680
E01000665,1877
E01000666,1848
E01000667,1639
E01000668,1922
E01000669,1692
E01000670,2108
E01000671,2205
E01000672,1645
E01000673,1618
E01000674,1671
E01000675,1819
E01000676,1969
E01000677,1911
E01000678,1882
E01000679,1734
E01000680,1628
E01000681,1739
E01000682,1599
E01000683,1619
E01000684,2157
E01000685,1550
E01000686,1558
E01000687,1637
E01000688,1420
E01000689,1515
E01000690,1449
E01000691,1590
E01000692,1619
E01000693,1545
E01000694,2159
E01000695,1593
E01000696,1566
E01000697,1740
E01000698,1112
E01000699,1543
E01000700,1558
E01000701,1385
E01000702,1309
E01000703,1737
E01000704,1485
E01000705,1381
E01000706,1338
E01000707,1546
E01000708,1641
E01000709,1343
E01000710,1798
E01000711,1959
E01000712,1723
E01000713,1731
E01000714,2228
E01000715,1756
E01000716,1644
E01000717,1701
E01000718,2299
E01000719,2097
E01000720,1790
E01000721,1499
E01000722,1778
E01000723,1209
E01000724,1896
E01000725,1728
E01000726,1279
E01000727,1694
E01000728,1624
E01000729,1890
E01000730,1784
E01000731,1428
E01000732,1530
E01000733,1648
E01000734,1427
E01000735,1553
E01000736,1661
E01000737,1405
E01000738,1522
E01000739,1672
E01000740,2054
E01000741,1836
E01000742,2178
E01000743,1919
E01000744,1578
E01000745,1889
E01000746,2034
E01000747,1919
E01000748,1629
E01000749,1708
E01000750,1533
E01000751,2029
E01000752,1717
E01000753,1874
E01000754,1713
E01000755,1510
E01000756,1621
E01000757,1504
E01000758,1491
E01000759,1568
E01000760,1548
E01000761,1594
E01000762,1657
E01000763,1464
E01000764,1690
E01000765,1755
E01000766,1784
E01000767,1637
E01000768,1540
E01000769,1467
E01000770,1487
E01000771,1692
E01000772,1574
E01000773,1598
E01000774,1471
E01000775,2359
E01000777,1615
E01000778,1661
E01000779,1329
E01000780,1643
E01000781,1478
E01000782,1510
E01000783,1730
E01000784,1604
E01000785,1526
E01000786,1430
E01000787,1466
E01000788,1515
E01000789,1975
E01000790,2230
E01000791,1446
E01000792,1426
E01000793,1509
E01000794,1578
E01000795,1419
E01000796,1695
E01000797,1629
E01000798,1548
E01000799,1801
E01000800,1692
E01000801,1603
E01000802,1739
E01000803,1619
E01000804,1545
E01000805,1798
E01000806,1924
E01000807,1564
E01000808,1575
E01000809,1517
E01000810,1521
E01000811,1348
E01000812,1545
E01000813,1664
E01000814,1464
E01000815,1564
E01000816,1473
E01000818,1517
E01000819,1732
E01000820,1511
E01000822,1705
E01000823,1686
E01000824,1247
E01000825,1687
E01000826,1639
E01000827,1844
E01000828,1762
E01000829,1838
E01000830,1533
E01000831,1672
E01000832,1515
E01000833,1489
E01000834,1372
E01000835,1732
E01000836,1436
E01000837,1584
E01000838,1486
E01000839,1463
E01000840,1544
E01000841,1609
E01032562,1636
E01032563,1499
E01032568,1577
E01032570,1637
E01000842,1668
E01000843,1923
E01000844,1904
E01000845,1714
E01000846,1643
E01000847,1875
E01000848,1841
E01000849,1824
E01000850,1930
E01000851,2657
E01000852,1862
E01000853,1708
E01000854,1798
E01000855,1738
E01000856,1812
E01000857,1535
E01000858,2055
E01000859,1694
E01000860,1428
E01000861,1572
E01000862,1641
E01000863,1668
E01000864,1702
E01000865,1947
E01000866,2256
E01000867,1800
E01000868,1513
E01000869,2292
E01000870,1846
E01000871,1851
E01000872,2155
E01000873,1735
E01000874,1743
E01000875,1834
E01000876,1979
E01000877,1708
E01000878,2368
E01000879,1478
E01000880,1637
E01000881,1675
E01000882,1788
E01000883,1573
E01000884,1607
E01000885,1510
E01000886,1691
E01000887,1606
E01000888,1764
E01000889,1887
E01000890,1840
E01000891,1792
E01000892,2093
E01000893,1618
E01000894,1490
E01000895,1791
E01000896,1888
E01000897,1738
E01000898,2072
E01000899,1941
E01000900,1985
E01000901,2351
E01000902,1739
E01000903,1651
E01000904,2458
E01000905,2219
E01000906,1597
E01000907,1548
E01000908,1732
E01000909,1741
E01000910,1653
E01000911,1726
E01000912,1791
E01000913,1850
E01000914,2013
E01000915,1653
E01000916,2228
E01000917,2067
E01000918,2198
E01000919,2176
E01000920,2107
E01000921,2287
E01000922,1829
E01000923,1630
E01000924,1753
E01000925,1730
E01000926,1885
E01000927,1918
E01000928,1815
E01000929,2006
E01000930,2177
E01000931,2217
E01000932,1780
E01000933,1911
E01000934,1835
E01000935,1547
E01000936,1835
E01000937,1626
E01000938,1949
E01000939,1376
E01000940,1354
E01000941,1283
E01000942,1905
E01000943,907
E01000944,2042
E01000945,1548
E01000946,1923
E01000947,1978
E01000948,1861
E01000949,1746
E01000950,1450
E01000951,1612
E01000952,1819
E01000953,2783
E01000954,1882
E01000955,1642
E01000956,1834
E01000957,1645
E01000958,2852
E01000959,1661
E01000960,1979
E01000961,1855
E01000962,1760
E01000963,2235
E01000964,1712
E01000965,1733
E01000966,1549
E01000967,1552
E01000968,1489
E01000969,2189
E01000970,1628
E01000971,1593
E01000972,2265
E01000973,2280
E01000974,2004
E01000975,1608
E01000976,2055
E01000977,1675
E01000978,1795
E01000979,1766
E01000980,1257
E01000981,1768
E01000982,1656
E01000983,1704
E01000984,1858
E01000985,1460
E01000986,1734
E01000987,1487
E01000989,1713
E01000990,1491
E01000991,1644
E01000992,2017
E01000993,1702
E01000994,1510
E01000995,1779
E01000996,1211
E01000997,1365
E01000998,1560
E01000999,1269
E01001000,1341
E01001001,1252
E01001002,1419
E01001003,1685
E01001004,2229
E01001005,1629
E01001006,1597
E01001007,2063
E01001008,1739
E01001009,1957
E01001010,1631
E01001011,2106
E01001012,2014
E01001013,2106
E01001014,3782
E01001015,1534
E01001016,1770
E01001017,1654
E01001018,1579
E01001019,1560
E01001020,1668
E01001021,1405
E01001022,1486
E01001023,1368
E01001024,1380
E01001025,1296
E01001026,1893
E01001027,1618
E01001028,1555
E01001029,1697
E01001030,1408
E01001031,1467
E01001032,1475
E01001033,1746
E01001034,1638
E01001035,1873
E01001036,1548
E01001037,1346
E01001038,1924
E01001039,1507
E01001040,1855
E01001041,1642
E01001042,2046
E01001043,2925
E01001044,1943
E01001045,2169
E01001046,1764
E01001047,1792
E01001048,2484
E01001049,1529
E01001050,1692
E01001051,1576
E01001052,1402
E01001053,1581
E01001054,1691
E01001055,1576
E01001056,1910
E01001057,1916
E01001058,1326
E01001059,1446
E01001060,1647
E01001061,1570
E01001062,1492
E01001063,1557
E01001064,1600
E01001065,1378
E01001066,1417
E01001067,1746
E01001068,1921
E01001069,1361
E01001070,1834
E01001071,2027
E01001072,1473
E01001073,1478
E01001074,2129
E01001075,1648
E01001076,1736
E01001077,1371
E01001078,1524
E01001079,1786
E01001080,1660
E01001081,1461
E01001082,1580
E01001083,1648
E01001084,1878
E01001085,1748
E01001086,1732
E01001087,2506
E01001088,1805
E01001089,2010
E01001090,2409
E01001091,1674
E01001092,1841
E01001093,1828
E01001094,1539
E01001095,1507
E01001096,1473
E01001097,2456
E01001098,1499
E01001099,1507
E01001100,1494
E01001101,1363
E01001102,1567
E01001103,1685
E01001104,1708
E01001105,1749
E01001106,1562
E01001107,1690
E01001108,1809
E01001109,2175
E01001110,1928
E01001111,1663
E01001112,1943
E01001113,1867
E01001114,1446
E01001115,1662
E01001116,1347
E01001117,3253
E01001118,1892
E01001119,1438
E01001120,1298
E01001121,1348
E01001122,1562
E01001123,1550
E01001124,1569
E01001125,1685
E01001126,1419
E01001127,1551
E01001128,1641
E01001129,1410
E01001130,1847
E01001131,1643
E01001132,1487
E01001133,1527
E01001134,1658
E01001135,1748
E01001136,2107
E01001137,2005
E01001138,1569
E01001139,1662
E01001140,1696
E01001141,1332
E01001142,1806
E01001143,2082
E01001144,1646
E01001145,1902
E01001146,1620
E01001147,1772
E01001148,1666
E01001149,1572
E01001150,1794
E01001151,1756
E01001152,1788
E01001153,1540
E01001154,2023
E01001155,1767
E01001156,1749
E01001157,1717
E01001158,1714
E01001159,1943
E01001160,1991
E01001161,1802
E01001162,1849
E01001163,2066
E01001164,2184
E01001165,1741
E01001166,2001
E01001167,2161
E01001168,1845
E01001169,1724
E01001170,2130
E01001171,1866
E01001172,2124
E01001173,2806
E01001174,1606
E01001175,1644
E01001176,1953
E01001177,1654
E01001178,1408
E01001179,1591
E01001180,1840
E01001181,2095
E01001182,1391
E01001183,1780
E01001184,1309
E01001185,1648
E01001186,1828
E01001187,2131
E01001188,1965
E01001189,1236
E01001190,1596
E01001191,1950
E01001192,1787
E01001193,1766
E01001194,1663
E01032569,1777
E01001195,1850
E01001196,1783
E01001197,1829
E01001198,1569
E01001199,1809
E01001200,1548
E01001201,1658
E01001202,2311
E01001203,1727
E01001204,1540
E01001205,1524
E01001206,1459
E01001207,1637
E01001208,1328
E01001209,1636
E01001210,1633
E01001211,1692
E01001212,1765
E01001213,1933
E01001214,1791
E01001215,1906
E01001216,1643
E01001217,1511
E01001218,1909
E01001219,1966
E01001220,1347
E01001221,2300
E01001222,2527
E01001223,1471
E01001224,1588
E01001225,1702
E01001226,1448
E01001227,1496
E01001228,1794
E01001229,1499
E01001230,1411
E01001231,1859
E01001232,1459
E01001233,1355
E01001234,1408
E01001235,1629
E01001236,1493
E01001237,1520
E01001238,3636
E01001239,1555
E01001240,1646
E01001241,1572
E01001242,1512
E01001243,2192
E01001244,2770
E01001245,2007
E01001246,1468
E01001247,2445
E01001248,1497
E01001249,2215
E01001250,2046
E01001251,1658
E01001252,2136
E01001253,1828
E01001254,1675
E01001255,1591
E01001257,1907
E01001258,1664
E01001259,1460
E01001260,1912
E01001261,2244
E01001262,1586
E01001263,1612
E01001264,1660
E01001265,1791
E01001266,1849
E01001267,1992
E01001268,1720
E01001269,2049
E01001270,1682
E01001271,1932
E01001272,1641
E01001273,1693
E01001274,1726
E01001275,1891
E01001276,1852
E01001277,1969
E01001278,1933
E01001279,1448
E01001280,1828
E01001281,1592
E01001282,1433
E01001283,1492
E01001284,1513
E01001285,1767
E01001286,1574
E01001287,1470
E01001288,1437
E01001289,1318
E01001290,1919
E01001291,1559
E01001292,1631
E01001293,1585
E01001294,1885
E01001295,1767
E01001296,1411
E01001297,1749
E01001298,1862
E01001299,1740
E01001300,1635
E01001301,1703
E01001302,1606
E01001303,1644
E01001304,1618
E01001305,1633
E01001306,1646
E01001307,1913
E01001308,2018
E01001309,1828
E01001310,1834
E01001311,2069
E01001312,1865
E01001313,1696
E01001314,1573
E01001315,1448
E01001316,1553
E01001317,1888
E01001318,1721
E01001319,1467
E01001320,1526
E01001321,2080
E01001322,1831
E01001323,1776
E01001324,1767
E01001325,1739
E01001326,1783
E01001327,1833
E01001328,1800
E01001329,1830
E01001330,1722
E01001331,1630
E01001332,1499
E01001333,2163
E01001334,1569
E01001335,1771
E01001336,1603
E01001337,1534
E01001338,1878
E01001339,1467
E01001340,1862
E01001341,1765
E01001342,1967
E01001343,1477
E01001344,2316
E01001345,1822
E01001346,1844
E01001347,1632
E01001348,1655
E01001349,1406
E01001350,1457
E01001351,1999
E01001352,1548
E01001353,1542
E01001354,2029
E01001355,1740
E01001356,1958
E01001357,1600
E01001358,1071
E01001359,2297
E01001360,2021
E01001361,2097
E01001362,2137
E01001363,1779
E01001364,1678
E01001365,2279
E01001366,1984
E01001367,2133
E01001368,1797
E01001369,2007
E01001370,2029
E01001371,2326
E01001372,2005
E01001373,1789
E01001374,1862
E01001375,1680
E01001376,1562
E01001377,1722
E01001379,1597
E01001380,1831
E01001381,1861
E01001382,1495
E01001383,1680
E01001384,1669
E01001385,1681
E01001386,1736
E01001387,1592
E01001388,1500
E01001389,1730
E01032572,1507
E01032743,2384
E01032744,1532
E01001390,2096
E01001391,1876
E01001392,1929
E01001393,2180
E01001394,1806
E01001395,1659
E01001396,1532
E01001397,2239
E01001398,1375
E01001399,1481
E01001400,1624
E01001401,1375
E01001402,1970
E01001403,1711
E01001404,1580
E01001405,1865
E01001406,1635
E01001407,1690
E01001408,1713
E01001409,1995
E01001410,1684
E01001411,1905
E01001412,1784
E01001413,1633
E01001414,1576
E01001415,1663
E01001416,1713
E01001417,1803
E01001418,1738
E01001419,2103
E01001420,1660
E01001421,1655
E01001422,1656
E01001423,1990
E01001424,1246
E01001425,2112
E01001426,1968
E01001427,1992
E01001428,1812
E01001429,2554
E01001430,1914
E01001431,1796
E01001432,2070
E01001433,1908
E01001434,1610
E01001435,1500
E01001436,1907
E01001437,2579
E01001438,1678
E01001439,2239
E01001440,1678
E01001441,1654
E01001442,1814
E01001444,1794
E01001445,2961
E01001446,1875
E01001447,2051
E01001448,1860
E01001449,1697
E01001450,2105
E01001451,1623
E01001452,1400
E01001453,1809
E01001454,1710
E01001455,1521
E01001456,1404
E01001457,1668
E01001458,1875
E01001459,1750
E01001460,2005
E01001461,1842
E01001462,1429
E01001463,1664
E01001464,1357
E01001465,1620
E01001466,1814
E01001467,1932
E01001468,1315
E01001469,1727
E01001470,1625
E01001471,1905
E01001472,1733
E01001473,1567
E01001474,1908
E01001475,1692
E01001476,1854
E01001477,1895
E01001478,1553
E01001479,1862
E01001480,1625
E01001481,1709
E01001482,1940
E01001483,1251
E01001484,1389
E01001485,1979
E01001486,2287
E01001487,1979
E01001488,2024
E01001489,1951
E01001491,2055
E01001492,2093
E01001493,1902
E01001494,1525
E01001495,1910
E01001496,1726
E01001497,1476
E01001498,2036
E01001499,1550
E01001500,1601
E01001501,2068
E01001502,1895
E01001503,1989
E01001504,1496
E01001505,1688
E01001506,1616
E01001507,2016
E01001508,2082
E01001509,1853
E01001510,1055
E01001511,1799
E01001512,2136
E01001513,1811
E01001514,1854
E01001515,2043
E01001516,1836
E01001517,1917
E01001518,1882
E01001519,2675
E01001520,1781
E01001521,1889
E01001522,2010
E01001523,1801
E01001524,1669
E01001525,1944
E01001526,1687
E01001527,1680
E01001528,1331
E01001529,1771
E01001530,1500
E01001531,1524
E01001532,1707
E01001533,1474
E01001534,1670
E01001535,1464
E01001536,1850
E01001537,1773
E01001538,1642
E01001539,1659
E01001540,1807
E01001541,1523
E01001542,1600
E01001543,1599
E01001544,1659
E01001545,1897
E01001546,1897
E01001547,2030
E01001548,1916
E01001549,2072
E01001550,1680
E01001551,1782
E01001552,1845
E01001553,1772
E01001554,1941
E01001555,2039
E01001556,1691
E01001557,1734
E01001558,1781
E01001559,2244
E01001560,1671
E01001562,2231
E01001563,1728
E01001564,1666
E01001565,1806
E01001566,1686
E01001567,1634
E01001568,1532
E01001569,1954
E01001570,2014
E01032574,2213
E01033146,1751
E01033148,1971
E01033150,1938
E01033151,1562
E01001571,1793
E01001572,1827
E01001573,1619
E01001574,2089
E01001575,1717
E01001576,1855
E01001577,2085
E01001578,2302
E01001579,1648
E01001580,1733
E01001581,1634
E01001582,1490
E01001583,1638
E01001584,1543
E01001585,1504
E01001586,1453
E01001587,2165
E01001588,1729
E01001589,1833
E01001590,1741
E01001591,2076
E01001592,1843
E01001593,1751
E01001594,1992
E01001595,2226
E01001596,1609
E01001597,1613
E01001598,1605
E01001599,1793
E01001600,1649
E01001601,1563
E01001602,1956
E01001603,1736
E01001604,1499
E01001605,1637
E01001606,1696
E01001607,1618
E01001608,1486
E01001609,1678
E01001610,1703
E01001611,1732
E01001613,1639
E01001614,1446
E01001615,1588
E01001617,1631
E01001618,1758
E01001619,1954
E01001620,1561
E01001621,1691
E01001623,1785
E01001624,1523
E01001625,1647
E01001629,2376
E01001631,2260
E01001632,2624
E01001633,1663
E01001634,1740
E01001635,1737
E01001636,1878
E01001637,1963
E01001638,2106
E01001640,3227
E01001641,1873
E01001642,1693
E01001644,2339
E01001645,1650
E01001646,2657
E01001647,1474
E01001648,1708
E01001649,1619
E01001650,1793
E01001651,1742
E01001652,1631
E01001653,1631
E01001654,1602
E01001655,1672
E01001656,1313
E01001657,1728
E01001658,1689
E01001659,1446
E01001660,1678
E01001661,1581
E01001662,2077
E01001664,1939
E01001665,2052
E01001666,1492
E01001667,1568
E01001668,2722
E01001669,2152
E01001671,1687
E01001672,2027
E01001673,2061
E01001674,2198
E01001675,2118
E01001676,1963
E01001677,2258
E01001678,1723
E01001679,1501
E01001680,1595
E01001681,1345
E01001682,1412
E01001683,1597
E01001684,1426
E01001685,1605
E01001686,1802
E01001687,1287
E01001688,2829
E01001690,2120
E01001692,1517
E01001693,1785
E01001694,1920
E01001695,1519
E01001696,1302
E01001697,2459
E01001698,1931
E01001699,1604
E01001700,2098
E01001701,1729
E01001702,1681
E01001703,2003
E01001704,1645
E01001705,2144
E01001706,1374
E01001708,1653
E01001709,1210
E01001710,1819
E01001711,1414
E01001712,2221
E01001713,1695
E01032567,1636
E01033726,3274
E01033727,2890
E01033728,1790
E01033729,2830
E01033730,2219
E01033731,2409
E01033732,1121
E01033733,1561
E01033734,1961
E01033735,1217
E01033736,961
E01033737,1476
E01033738,1469
E01033739,1880
E01033740,1770
E01033741,1945
E01033742,1701
E01033743,2426
E01033744,1900
E01033745,1954
E01033746,1394
E01001714,1580
E01001715,1401
E01001716,1529
E01001717,1266
E01001718,1870
E01001719,1160
E01001720,1999
E01001722,2358
E01001723,2099
E01001724,2431
E01001725,1948
E01001726,1441
E01001727,1973
E01001728,2107
E01001729,2135
E01001730,2266
E01001731,2931
E01001732,1990
E01001733,1868
E01001734,1800
E01001735,1706
E01001736,1631
E01001737,1813
E01001738,1823
E01001739,2115
E01001740,1523
E01001741,1609
E01001742,1985
E01001744,2051
E01001745,2310
E01001746,1668
E01001747,2360
E01001748,2654
E01001749,1595
E01001750,2173
E01001751,1742
E01001752,2695
E01001753,1708
E01001754,3449
E01001755,1795
E01001756,2257
E01001757,1824
E01001758,2274
E01001759,1893
E01001760,1796
E01001761,1725
E01001762,1943
E01001763,2241
E01001764,2039
E01001765,1886
E01001767,1697
E01001768,1954
E01001769,1635
E01001770,1965
E01001772,1305
E01001773,2294
E01001774,2222
E01001775,1933
E01001776,1404
E01001777,2247
E01001779,2722
E01001780,1861
E01001781,1700
E01001782,2536
E01001783,1930
E01001784,2411
E01001785,1617
E01001786,2164
E01001787,1640
E01001788,1645
E01001789,1783
E01001790,1290
E01001791,1490
E01001792,2013
E01001793,1736
E01001794,2087
E01001795,1446
E01001796,1878
E01001798,1795
E01001799,1659
E01001800,1764
E01001801,1740
E01001802,1404
E01001803,2033
E01001804,1625
E01001805,1306
E01001806,1578
E01001807,2025
E01001808,2084
E01001809,2234
E01001811,1373
E01001812,1941
E01001813,1534
E01001814,1640
E01001815,1846
E01001816,1676
E01001819,1758
E01001820,1448
E01001821,1452
E01001822,1783
E01001823,1971
E01001824,1785
E01001825,1650
E01001826,1767
E01001827,2166
E01001828,2241
E01001829,1850
E01001830,2003
E01001831,1714
E01001832,1753
E01001833,2523
E01001834,1996
E01001835,1293
E01001836,2096
E01001837,1568
E01001838,1739
E01001839,2685
E01001840,1784
E01001841,1556
E01001842,1597
E01001843,1347
E01001844,2186
E01001845,1553
E01001846,1293
E01001847,1420
E01001848,1811
E01001849,2591
E01001850,1814
E01033698,1164
E01033699,1198
E01033700,2702
E01033701,2221
E01033702,1539
E01033703,1471
E01033704,2018
E01033705,1827
E01033706,1840
E01033707,1408
E01033708,1826
E01033709,1788
E01033710,1709
E01033711,2225
E01033712,1755
E01033713,1445
E01001851,1651
E01001852,1784
E01001853,1496
E01001854,1713
E01001855,1661
E01001856,1621
E01001857,1479
E01001858,1700
E01001859,2602
E01001860,1831
E01001861,1480
E01001862,1790
E01001863,1525
E01001864,1531
E01001865,1747
E01001866,1553
E01001867,1352
E01001868,1283
E01001869,1396
E01001870,1835
E01001871,1619
E01001872,1569
E01001873,1406
E01001874,2509
E01001875,1831
E01001876,1881
E01001877,1322
E01001878,1584
E01001879,1420
E01001880,1486
E01001881,1794
E01001882,1699
E01001883,1395
E01001884,1884
E01001885,1190
E01001886,1468
E01001887,1471
E01001888,1589
E01001889,1345
E01001890,1822
E01001891,2112
E01001892,1327
E01001893,1114
E01001894,1282
E01001895,1493
E01001896,1528
E01001897,1455
E01001898,1627
E01001899,1360
E01001900,1698
E01001901,1662
E01001902,1648
E01001903,1625
E01001904,1589
E01001905,1673
E01001906,1377
E01001907,1277
E01001908,1549
E01001909,1925
E01001910,1433
E01001911,1805
E01001912,1618
E01001913,1530
E01001914,1702
E01001915,1569
E01001916,1385
E01001917,1427
E01001918,1529
E01001919,1576
E01001920,1467
E01001921,1572
E01001922,1603
E01001923,1557
E01001924,1735
E01001925,1695
E01001926,1427
E01001927,1473
E01001928,1614
E01001929,1338
E01001930,1851
E01001931,1307
E01001932,1570
E01001933,1292
E01001934,1686
E01001935,2047
E01001937,1866
E01001938,1579
E01001939,2554
E01001940,1518
E01001941,1745
E01001942,1821
E01001943,1959
E01001944,1739
E01001945,1647
E01001946,1564
E01001947,1472
E01001948,1939
E01001949,1509
E01001950,1505
E01001951,1623
E01001952,1643
E01001953,1279
E01001954,1488
E01001955,1961
E01001956,1534
E01001957,1574
E01001958,1604
E01001959,1663
E01001960,1987
E01001961,1500
E01032788,1177
E01032789,1489
E01032790,1362
E01001962,1804
E01001963,1818
E01001964,1662
E01001965,1705
E01001966,1463
E01001967,1571
E01001968,1743
E01001969,2019
E01001970,2177
E01001971,1992
E01001972,1786
E01001973,2469
E01001974,2310
E01001975,1984
E01001976,1697
E01001977,1618
E01001978,1956
E01001979,2497
E01001980,2042
E01001981,1845
E01001982,1871
E01001983,1658
E01001984,1757
E01001985,1722
E01001986,1611
E01001987,1835
E01001988,1757
E01001989,1747
E01001990,2202
E01001991,1675
E01001992,1768
E01001993,1622
E01001994,1728
E01001995,2479
E01001996,1710
E01001997,1548
E01001998,2226
E01001999,2193
E01002000,1763
E01002001,1749
E01002002,1761
E01002003,2425
E01002004,2032
E01002005,1536
E01002006,1562
E01002007,1550
E01002008,1402
E01002009,1576
E01002010,1608
E01002011,1591
E01002013,1435
E01002014,1686
E01002015,1516
E01002016,1906
E01002017,1935
E01002018,1445
E01002019,1479
E01002020,1579
E01002021,1451
E01002022,1850
E01002023,1437
E01002024,1406
E01002025,1607
E01002026,1779
E01002027,1592
E01002028,1865
E01002029,1937
E01002030,1787
E01002031,2116
E01002032,1923
E01002033,2030
E01002034,2109
E01002036,1743
E01002037,2155
E01002038,1940
E01002039,1529
E01002040,2202
E01002041,1969
E01002042,1582
E01002043,2199
E01002044,1795
E01002045,2313
E01002046,1948
E01002047,1801
E01002048,2158
E01002049,2001
E01002050,1965
E01002051,1802
E01002052,2186
E01002053,1853
E01002054,1839
E01002055,1822
E01002056,2405
E01002057,1807
E01002058,1774
E01002059,1699
E01002060,1837
E01002061,1722
E01002062,1945
E01002063,1599
E01002064,1450
E01002065,1702
E01002066,1848
E01002067,1733
E01002068,2160
E01002069,2254
E01002070,2182
E01002071,1626
E01002072,1923
E01002073,1798
E01002074,2324
E01002075,2214
E01002076,2103
E01002077,2319
E01002078,2327
E01002079,1859
E01002080,3070
E01002081,1941
E01002082,1249
E01002083,1581
E01002084,1661
E01002085,2221
E01002086,1600
E01002087,1707
E01002088,1989
E01002089,1522
E01002090,1641
E01002091,1872
E01002092,1590
E01002093,1924
E01002094,1610
E01002095,1644
E01002096,1661
E01002097,1752
E01002098,1439
E01002099,2229
E01002100,2029
E01002101,2128
E01002102,1938
E01002103,2054
E01002104,1658
E01002105,2291
E01032575,2007
E01033085,1933
E01033086,1206
E01002106,2021
E01002107,1810
E01002108,1820
E01002109,1750
E01002110,1755
E01002111,2271
E01002112,1985
E01002113,1569
E01002114,2004
E01002115,1487
E01002116,1679
E01002117,2647
E01002118,1861
E01002119,1899
E01002120,1387
E01002121,1827
E01002122,1811
E01002123,1754
E01002124,1875
E01002125,1871
E01002126,3020
E01002127,1698
E01002128,2090
E01002129,2259
E01002130,2379
E01002131,1628
E01002132,2256
E01002133,2141
E01002134,1369
E01002135,1837
E01002136,1791
E01002137,1799
E01002138,1548
E01002139,1423
E01002140,1829
E01002141,1767
E01002142,1788
E01002143,1749
E01002144,1528
E01002145,1627
E01002146,1479
E01002147,1353
E01002148,1453
E01002149,1364
E01002150,1962
E01002151,1541
E01002152,1673
E01002153,1837
E01002154,1987
E01002155,1732
E01002156,1500
E01002157,1746
E01002158,1427
E01002159,1863
E01002160,2413
E01002161,2080
E01002162,1886
E01002163,1574
E01002164,1753
E01002165,1824
E01002166,1648
E01002167,1668
E01002168,1563
E01002169,1665
E01002170,1351
E01002171,1784
E01002172,1635
E01002173,1734
E01002174,1640
E01002175,1400
E01002176,1701
E01002177,1414
E01002178,1652
E01002179,2488
E01002180,2310
E01002181,1953
E01002182,2052
E01002183,2163
E01002184,2020
E01002185,1596
E01002186,1761
E01002187,1998
E01002188,1641
E01002189,1813
E01002190,1607
E01002191,1993
E01002192,1596
E01002193,1892
E01002194,1729
E01002195,1645
E01002196,1670
E01002197,1455
E01002198,1843
E01002199,1544
E01002200,1780
E01002201,1711
E01002202,2282
E01002203,1812
E01002204,1825
E01002206,1331
E01002207,1710
E01002208,1302
E01002209,1721
E01002210,1629
E01002211,1450
E01002212,1758
E01002213,3288
E01002214,1847
E01002215,1593
E01002216,1719
E01002217,1758
E01002218,1770
E01002219,1792
E01002220,1601
E01002221,1642
E01002222,1625
E01002223,1743
E01002224,1577
E01002225,1737
E01002226,2257
E01002227,1844
E01002228,2440
E01002229,1896
E01002230,1822
E01002231,1919
E01002232,1975
E01002233,2196
E01002234,1705
E01002235,1913
E01002236,1835
E01002237,1727
E01002238,1885
E01002239,1727
E01002240,1779
E01002241,1707
E01002242,1866
E01032576,1642
E01002243,1980
E01002244,1817
E01002245,1662
E01002246,1808
E01002247,2073
E01002248,1524
E01002249,2709
E01002250,1796
E01002251,1429
E01002252,1575
E01002253,1582
E01002254,1561
E01002255,1566
E01002256,1540
E01002257,1764
E01002258,1717
E01002259,1472
E01002260,1724
E01002261,1692
E01002262,1764
E01002263,1655
E01002264,1555
E01002265,1389
E01002266,1453
E01002267,1582
E01002268,1467
E01002269,1805
E01002270,1726
E01002271,1524
E01002272,1230
E01002273,1342
E01002274,1650
E01002275,1351
E01002276,2078
E01002277,1535
E01002278,1640
E01002279,1656
E01002280,1622
E01002281,1926
E01002282,1761
E01002283,1593
E01002284,1970
E01002285,1231
E01002286,1628
E01002287,1536
E01002288,1638
E01002289,1671
E01002290,1518
E01002291,1704
E01002292,1579
E01002293,1919
E01002294,1448
E01002295,1801
E01002296,1748
E01002297,1534
E01002298,1609
E01002299,1925
E01002300,1795
E01002301,1588
E01002302,1645
E01002303,2118
E01002304,1486
E01002305,1535
E01002306,1623
E01002307,1753
E01002308,1749
E01002309,1730
E01002310,1744
E01002311,1790
E01002312,1431
E01002313,1964
E01002314,1755
E01002315,1709
E01002316,1791
E01002317,1599
E01002318,1667
E01002319,1707
E01002320,1495
E01002321,1779
E01002322,1999
E01002323,1663
E01002324,1497
E01002325,1838
E01002326,1593
E01002327,1456
E01002328,1711
E01002329,1678
E01002330,1888
E01002331,1583
E01002332,1653
E01002333,1328
E01002334,1722
E01002335,1528
E01002336,1542
E01002337,1303
E01002338,1392
E01002339,1626
E01002340,1406
E01002341,1299
E01002342,1611
E01002343,1750
E01002344,1708
E01002345,1775
E01002346,1539
E01002347,1587
E01002348,1538
E01002349,1484
E01002350,1619
E01002351,1686
E01002352,1822
E01002353,2117
E01002354,1380
E01002355,1487
E01002356,2558
E01002358,2109
E01002359,1312
E01002360,1494
E01002361,1800
E01002362,1517
E01002363,1635
E01002364,1467
E01002365,1377
E01002366,1460
E01002367,1634
E01002368,1789
E01002369,1944
E01002370,2142
E01002371,1681
E01002372,1728
E01002373,1629
E01002374,1629
E01002375,1740
E01002376,1437
E01002377,1739
E01002378,1681
E01002379,1493
E01002380,2406
E01002381,1711
E01002382,1834
E01002383,1685
E01002384,1580
E01002385,1634
E01002386,1974
E01002387,1602
E01002388,1654
E01002389,1466
E01002390,1404
E01002391,1680
E01032741,1306
E01032742,1429
E01002392,1919
E01002393,2222
E01002394,1692
E01002395,1370
E01002396,1825
E01002397,1955
E01002398,1843
E01002399,1560
E01002400,1825
E01002401,2044
E01002402,1597
E01002403,2287
E01002404,2009
E01002405,2029
E01002406,2434
E01002407,3180
E01002408,1540
E01002409,1988
E01002410,1762
E01002411,1907
E01002412,2362
E01002413,1580
E01002414,4597
E01002415,1679
E01002416,1749
E01002417,1670
E01002418,1804
E01002419,1596
E01002420,1658
E01002421,1723
E01002422,1525
E01002423,1668
E01002424,1712
E01002425,1875
E01002426,1795
E01002427,1615
E01002428,1511
E01002429,1446
E01002430,1443
E01002431,1381
E01002432,1557
E01002433,2463
E01002434,1371
E01002435,1545
E01002436,1670
E01002437,1414
E01002438,1340
E01002439,1585
E01002440,1522
E01002441,1515
E01002442,1551
E01002443,1834
E01002444,2089
E01002445,1817
E01002446,1823
E01002447,2020
E01002448,2260
E01002449,2019
E01002450,1437
E01002451,1553
E01002452,1539
E01002453,1730
E01002454,1870
E01002455,1813
E01002456,1727
E01002457,1663
E01002458,1434
E01002459,1670
E01002460,1320
E01002461,1449
E01002462,1443
E01002463,1608
E01002464,1597
E01002465,1579
E01002466,1685
E01002467,1542
E01002468,1763
E01002469,1754
E01002470,1887
E01002471,1651
E01002472,1714
E01002473,1519
E01002474,1639
E01002475,1429
E01002476,1486
E01002477,1317
E01002478,1633
E01002479,1694
E01002480,1750
E01002481,1674
E01002482,1610
E01002483,1813
E01002484,1360
E01002485,2058
E01002486,2378
E01002487,1989
E01002488,1792
E01002489,1996
E01002490,2328
E01002491,1701
E01002492,1783
E01002493,1986
E01002494,1754
E01002495,2278
E01002496,1858
E01002497,2011
E01002498,1376
E01002499,1834
E01002501,1703
E01002502,1668
E01002503,1785
E01002504,2605
E01002505,1865
E01002506,2177
E01002507,1986
E01002508,2067
E01002509,1386
E01002511,1558
E01002512,1981
E01002513,1345
E01002514,2037
E01002515,1977
E01002516,1533
E01002518,1396
E01002519,1469
E01002520,1704
E01002521,2007
E01002523,1740
E01002525,1673
E01002526,2282
E01002527,1590
E01002528,1800
E01002529,2342
E01002530,1742
E01002531,1664
E01002532,3529
E01002533,1419
E01002534,1408
E01002535,1959
E01002536,1469
E01002537,1909
E01002538,1584
E01002539,1643
E01002540,1780
E01002541,2067
E01002542,2142
E01002543,1929
E01002544,1901
E01002545,1580
E01002546,1721
E01002547,1754
E01002548,1704
E01002549,1842
E01002550,1844
E01002551,1955
E01002552,1661
E01002553,1679
E01002554,3189
E01032577,1778
E01033724,6606
E01033725,2676
E01002555,2060
E01002556,1714
E01002557,1820
E01002558,2237
E01002559,2469
E01002560,1717
E01002561,1411
E01002562,1381
E01002563,1559
E01002564,1836
E01002565,2951
E01002566,2416
E01002567,1645
E01002568,3297
E01002569,1866
E01002570,1685
E01002571,1360
E01002572,1575
E01002573,1593
E01002574,1604
E01002575,1679
E01002576,1709
E01002577,1599
E01002578,1508
E01002579,1740
E01002580,1385
E01002581,1868
E01002582,1694
E01002583,1756
E01002584,1881
E01002585,1825
E01002586,1784
E01002587,2089
E01002588,1839
E01002589,2301
E01002590,1983
E01002591,1772
E01002592,2103
E01002593,2103
E01002594,2035
E01002595,2062
E01002596,1886
E01002598,2033
E01002599,1588
E01002600,1527
E01002601,1693
E01002602,1415
E01002603,1910
E01002604,1695
E01002605,1989
E01002606,1653
E01002607,2044
E01002608,1796
E01002609,1794
E01002610,1671
E01002611,1808
E01002612,1860
E01002613,1816
E01002614,1973
E01002615,1575
E01002616,1490
E01002617,1591
E01002618,1726
E01002619,1969
E01002620,1934
E01002621,1840
E01002622,1831
E01002623,1716
E01002624,1725
E01002625,1680
E01002626,1634
E01002627,1792
E01002628,2055
E01002629,2204
E01002630,1877
E01002631,1553
E01002632,1778
E01002633,1759
E01002634,1706
E01002635,1732
E01002636,2065
E01002637,1682
E01002638,2000
E01002639,1844
E01002640,1930
E01002641,2117
E01002642,2620
E01002643,2417
E01002645,2300
E01002646,2232
E01002647,2242
E01002648,2935
E01002649,2114
E01002650,2394
E01002651,1864
E01002652,1781
E01002653,1872
E01002654,1836
E01002655,1890
E01002656,1295
E01002657,1861
E01002658,1315
E01002659,1472
E01002660,1838
E01002661,1966
E01002662,2396
E01002663,2171
E01002664,2763
E01002665,1665
E01002666,1516
E01002667,1660
E01002668,2000
E01002669,1734
E01002670,1983
E01002671,1676
E01002672,1637
E01002673,1622
E01002674,1889
E01002675,2551
E01002676,1720
E01002677,1656
E01002678,1901
E01002679,1787
E01002680,1937
E01002681,2058
E01002682,2492
E01002683,2678
E01002684,2421
E01002686,1672
E01002687,1744
E01002689,1628
E01002690,1438
E01002691,1664
E01002692,1913
E01002693,1800
E01032573,1625
E01033000,1687
E01033030,2016
E01033081,1396
E01033082,1218
E01033083,1971
E01033084,2193
E01002694,1650
E01002695,1726
E01002696,1995
E01002697,2174
E01002698,2474
E01002699,1629
E01002700,1605
E01002701,1805
E01002702,2182
E01002703,2521
E01002704,2446
E01002706,2222
E01002707,2139
E01002708,2251
E01002709,1720
E01002710,1745
E01002711,2356
E01002712,1572
E01002713,1709
E01002714,1805
E01002715,1674
E01002716,2472
E01002717,1305
E01002718,1835
E01002719,1662
E01002720,2445
E01002721,1922
E01002722,1458
E01002723,1737
E01002724,2323
E01002725,1599
E01002726,1887
E01002727,1698
E01002728,1527
E01002729,1731
E01002730,1970
E01002731,3033
E01002732,1908
E01002733,1566
E01002734,2388
E01002735,1850
E01002736,1618
E01002737,1977
E01002738,1904
E01002739,1841
E01002740,2286
E01002741,1725
E01002742,1695
E01002743,1870
E01002744,1629
E01002745,1648
E01002747,1773
E01002748,1592
E01002749,1623
E01002751,1978
E01002752,1781
E01002753,1432
E01002754,1614
E01002755,1418
E01002756,1412
E01002757,1514
E01002758,1763
E01002759,1611
E01002760,1668
E01002762,2176
E01002763,1559
E01002764,1869
E01002765,3479
E01002766,2420
E01002767,2082
E01002768,1746
E01002769,2251
E01002770,1620
E01002771,1511
E01002772,1883
E01002773,1417
E01002774,2201
E01002775,1529
E01002776,2028
E01002777,1703
E01002778,1911
E01002779,2017
E01002780,1778
E01002781,1512
E01002782,1665
E01002783,1703
E01002784,1849
E01002785,2023
E01002786,1972
E01002787,1235
E01002788,2008
E01002789,1978
E01002790,1504
E01002791,1980
E01002792,2100
E01002793,2000
E01002794,1960
E01002795,2183
E01002796,1177
E01002797,2084
E01002798,1972
E01002799,2043
E01002800,1369
E01002801,1715
E01002802,1379
E01002803,2426
E01002804,1840
E01002805,1719
E01002806,1632
E01002807,1873
E01002808,2031
E01002809,1666
E01002810,1717
E01002811,1568
E01033486,987
E01033487,1349
E01033488,1363
E01033489,1918
E01033490,1849
E01033491,2132
E01033492,1892
E01033493,1665
E01033494,1430
E01002812,1907
E01002813,1698
E01002814,1970
E01002815,1356
E01002816,1376
E01002817,1526
E01002818,1902
E01002819,1547
E01002820,1335
E01002821,1585
E01002822,1285
E01002823,1506
E01002824,1356
E01002825,1972
E01002826,1512
E01002827,1689
E01002828,1366
E01002829,1367
E01002830,1693
E01002831,1814
E01002832,1597
E01002833,1423
E01002834,1469
E01002835,1519
E01002836,1437
E01002837,1467
E01002838,1914
E01002839,1516
E01002840,1309
E01002841,1385
E01002842,1030
E01002843,1434
E01002844,1364
E01002845,1509
E01002846,1367
E01002847,1640
E01002848,1585
E01002849,1519
E01002850,1541
E01002851,1546
E01002852,1939
E01002853,940
E01002854,1104
E01002855,1620
E01002856,1678
E01002857,1335
E01002858,1447
E01002859,1670
E01002860,1508
E01002861,1341
E01002862,1467
E01002863,1473
E01002864,1448
E01002865,1448
E01002866,1727
E01002867,1929
E01002868,1561
E01002869,1448
E01002870,1461
E01002871,1611
E01002872,1426
E01002873,1290
E01002874,1314
E01002875,1324
E01002876,1705
E01002877,1675
E01002878,1569
E01002879,1384
E01002880,1513
E01002881,1257
E01002882,1293
E01002883,1715
E01002884,1374
E01002885,1394
E01002886,1390
E01002887,1364
E01002888,2199
E01002889,1183
E01002890,1776
E01002891,1416
E01002892,1776
E01002893,1803
E01002894,1680
E01002895,1358
E01002896,1821
E01002897,1432
E01002898,1705
E01002899,1573
E01002900,1554
E01002901,1345
E01002902,1756
E01002903,1642
E01002904,1336
E01002905,1542
E01002906,1789
E01002907,1220
E01002908,1371
E01002909,2097
E01002910,1473
E01002911,1716
E01002912,1822
E01002913,2121
E01002914,1608
E01002915,1355
E01002916,1513
E01002917,1473
E01002918,1768
E01002919,1880
E01002920,1650
E01002921,1692
E01002922,1583
E01002923,1719
E01002924,1553
E01002925,1622
E01002926,1539
E01002927,1599
E01002928,1795
E01002929,1608
E01002930,1832
E01002931,1993
E01002932,1899
E01002933,2048
E01002934,2092
E01002935,2053
E01002937,1829
E01002938,2032
E01002939,1656
E01002940,1643
E01002941,1588
E01002942,1420
E01002943,1439
E01002944,1429
E01002945,1578
E01002946,1502
E01002947,1639
E01002948,2217
E01002949,1853
E01002950,1704
E01002951,1696
E01002952,1557
E01002953,1486
E01002954,1360
E01002955,1447
E01002956,2051
E01002957,1937
E01002958,1812
E01002959,1441
E01002960,1699
E01002961,1632
E01002962,1817
E01002963,1791
E01002964,2915
E01002965,1937
E01002966,1950
E01002967,1946
E01002968,3086
E01002969,1763
E01002970,1551
E01002971,1872
E01002972,2085
E01002973,1417
E01002974,1884
E01002975,1465
E01002976,1719
E01002977,1729
E01002978,1804
E01002979,1541
E01002980,1491
E01002981,1587
E01002982,1395
E01002983,1688
E01002984,1425
E01002985,1751
E01002986,1335
E01002987,1858
E01002988,2960
E01002989,1971
E01002990,1757
E01002991,1638
E01002992,2672
E01002993,1707
E01002994,1570
E01002995,1598
E01002996,1611
E01002997,1574
E01002998,1647
E01002999,1452
E01003000,1587
E01003001,1894
E01003002,1904
E01003003,1731
E01003004,1566
E01003005,1612
E01003006,1478
E01003007,1568
E01003008,1435
E01003009,2152
E01003010,1459
E01003011,1837
E01033568,2787
E01033569,1727
E01003013,1671
E01003014,1656
E01003015,1700
E01003016,2628
E01003017,1928
E01003018,2224
E01003019,1990
E01003020,1692
E01003021,1787
E01003022,1769
E01003023,2654
E01003024,1714
E01003025,2198
E01003026,1545
E01003027,1336
E01003028,1581
E01003029,1800
E01003030,1924
E01003031,1651
E01003032,1685
E01003033,1563
E01003034,1793
E01003035,1612
E01003036,1706
E01003037,1393
E01003038,1728
E01003039,2306
E01003040,1333
E01003041,1563
E01003042,1129
E01003043,1678
E01003044,916
E01003045,1997
E01003046,1747
E01003047,1717
E01003048,1799
E01003049,1657
E01003050,1799
E01003051,1852
E01003052,1934
E01003053,1686
E01003054,1838
E01003055,1634
E01003056,1572
E01003057,1626
E01003058,1855
E01003059,1589
E01003060,1487
E01003061,1160
E01003062,1877
E01003063,1452
E01003064,1509
E01003065,1559
E01003066,1837
E01003067,1420
E01003068,1627
E01003069,1398
E01003070,1485
E01003071,2387
E01003072,1887
E01003073,1790
E01003074,2485
E01003075,1630
E01003076,2219
E01003077,1949
E01003078,1742
E01003079,1789
E01003080,1808
E01003081,1944
E01003082,1568
E01003083,1713
E01003084,1706
E01003085,1877
E01003086,1822
E01003087,1716
E01003088,1621
E01003089,1845
E01003090,2244
E01003091,1608
E01003092,1923
E01003093,2668
E01003094,1451
E01003095,1770
E01003096,2312
E01003097,1709
E01003098,1578
E01003099,1794
E01003100,2026
E01003101,1525
E01003102,1769
E01003104,1617
E01003105,1827
E01003106,2125
E01003107,1912
E01003108,1568
E01003109,2727
E01003110,2073
E01003111,1703
E01003112,1664
E01003113,2200
E01003114,2342
E01003115,1727
E01003116,1750
E01003117,2126
E01003118,1999
E01003119,2236
E01003120,2607
E01003121,1553
E01003122,2062
E01003123,1618
E01003124,1483
E01003125,1833
E01003126,1544
E01003127,1790
E01003128,1496
E01003129,1759
E01003130,1956
E01003131,1720
E01003132,1693
E01003133,1666
E01003134,1669
E01003135,1793
E01003136,1693
E01003137,1588
E01003138,1744
E01003139,1754
E01003140,1550
E01003141,1823
E01003142,1518
E01003143,1512
E01003144,1588
E01003145,1927
E01003146,1684
E01003147,2212
E01003148,2008
E01003149,1954
E01003150,1933
E01003151,2064
E01003152,2091
E01003153,2264
E01003154,1894
E01003155,2013
E01003156,1661
E01003157,1736
E01003158,1795
E01003159,1228
E01003160,1784
E01003161,1223
E01003162,2011
E01003163,1616
E01003164,2151
E01003165,1596
E01003166,2537
E01003167,1771
E01003168,1573
E01003169,2568
E01003170,1951
E01003171,1762
E01003172,2004
E01003173,1671
E01003174,1971
E01003175,1604
E01003176,2025
E01003177,1777
E01003178,1679
E01003179,1706
E01003180,1759
E01003181,1509
E01003182,2036
E01003183,1823
E01003184,1174
E01003185,1734
E01003186,2577
E01003187,1391
E01003188,1339
E01032582,2038
E01033207,1685
E01033208,2057
E01003189,1697
E01003190,2318
E01003191,1663
E01003192,1695
E01003193,1704
E01003194,1853
E01003195,1585
E01003196,1747
E01003197,1700
E01003198,1542
E01003199,1828
E01003200,1662
E01003201,1612
E01003202,1627
E01003203,1932
E01003204,1350
E01003205,1464
E01003206,1704
E01003207,1684
E01003209,2074
E01003210,1890
E01003211,1602
E01003212,2203
E01003213,1880
E01003214,1884
E01003215,2047
E01003216,1874
E01003217,1638
E01003218,1601
E01003219,1728
E01003220,1736
E01003221,2037
E01003222,1688
E01003223,1752
E01003224,1765
E01003225,1641
E01003226,1825
E01003227,1676
E01003228,1570
E01003229,1655
E01003230,2008
E01003231,1628
E01003232,1841
E01003233,1785
E01003235,1327
E01003236,1616
E01003237,1656
E01003238,1450
E01003239,1542
E01003240,1990
E01003241,1718
E01003243,1490
E01003244,1647
E01003245,1869
E01003246,1677
E01003247,2097
E01003248,1722
E01003249,2053
E01003250,2216
E01003251,2258
E01003252,1478
E01003253,1512
E01003254,1502
E01003255,2089
E01003256,2396
E01003257,1799
E01003258,1603
E01003259,1816
E01003260,1847
E01003261,1492
E01003262,1434
E01003263,1729
E01003264,1451
E01003265,1576
E01003266,1762
E01003267,1543
E01003268,1895
E01003269,1606
E01003270,1785
E01003271,1699
E01003272,1975
E01003273,2097
E01003274,1707
E01003275,1730
E01003276,1897
E01003277,1796
E01003278,1953
E01003279,1620
E01003280,1789
E01003281,1634
E01003282,2645
E01003283,2343
E01003284,1984
E01003285,1837
E01003286,1765
E01003287,2101
E01003288,2007
E01003290,1672
E01003291,1469
E01003292,1584
E01003293,1552
E01003295,1705
E01003296,3703
E01003297,1643
E01003298,1267
E01003299,1700
E01003300,1407
E01003301,2213
E01003302,1542
E01003303,1468
E01003304,2139
E01003305,1765
E01003307,1541
E01003308,1984
E01003309,1560
E01003310,1692
E01003311,1636
E01003312,1791
E01003313,1551
E01003314,1727
E01003315,1362
E01003316,1539
E01003317,1959
E01003318,1748
E01003319,1896
E01003320,1388
E01003321,2038
E01003322,1560
E01003323,1456
E01003324,1566
E01003325,1879
E01003326,1581
E01003327,1955
E01003328,1844
E01003329,1747
E01003330,1649
E01003331,1532
E01003332,1628
E01003333,1594
E01003334,1858
E01003335,1470
E01003336,1523
E01003337,1678
E01003338,2000
E01003339,1806
E01003340,1903
E01003341,1550
E01003342,1723
E01003343,1500
E01003344,1843
E01003345,2057
E01003346,1691
E01003347,1825
E01003348,1660
E01003349,1609
E01003350,1299
E01003351,1505
E01003352,2331
E01003353,1811
E01003354,1862
E01032564,1327
E01032565,1548
E01032579,1602
E01033320,1731
E01033322,1413
E01033324,1645
E01033325,1481
E01033327,1661
E01033341,1238
E01003355,1600
E01003356,1826
E01003357,1781
E01003358,1916
E01003359,1819
E01003360,1828
E01003361,1663
E01003362,1364
E01003363,1589
E01003364,1768
E01003365,1393
E01003366,1593
E01003367,2391
E01003368,1619
E01003369,1687
E01003370,2045
E01003371,1588
E01003372,1580
E01003373,1505
E01003374,1665
E01003375,1724
E01003376,1590
E01003377,1652
E01003378,2131
E01003379,1968
E01003380,1693
E01003381,1469
E01003382,1603
E01003383,1602
E01003384,1500
E01003385,1645
E01003386,2249
E01003387,1965
E01003388,1551
E01003389,1680
E01003390,1704
E01003391,1338
E01003392,1322
E01003393,1609
E01003394,1947
E01003395,1534
E01003396,1635
E01003397,1562
E01003398,1806
E01003399,1366
E01003400,1486
E01003401,1381
E01003402,1614
E01003403,1524
E01003404,1744
E01003405,2146
E01003406,1623
E01003407,1882
E01003408,1946
E01003409,1775
E01003410,1610
E01003411,1860
E01003412,1686
E01003413,2026
E01003414,1649
E01003415,1975
E01003416,1530
E01003417,1568
E01003418,1418
E01003419,1799
E01003420,1326
E01003421,1645
E01003422,1380
E01003423,1630
E01003424,1512
E01003425,1455
E01003426,1716
E01003427,1887
E01003428,1510
E01003429,1451
E01003430,1537
E01003431,1628
E01003432,1455
E01003433,1564
E01003434,1572
E01003435,1832
E01003436,1575
E01003437,1887
E01003438,1736
E01003439,1464
E01003440,1607
E01003441,1819
E01003442,1585
E01003443,1612
E01003444,1657
E01003445,1712
E01003446,1791
E01003447,1605
E01003448,2030
E01003449,1780
E01003450,1630
E01003451,1627
E01003452,2021
E01003453,1768
E01003454,1408
E01003455,1654
E01003456,1685
E01003457,1612
E01003458,1618
E01003459,2203
E01003460,1497
E01003461,1374
E01003462,1408
E01003463,1322
E01003464,1396
E01003465,1191
E01003466,1707
E01003467,1704
E01003468,1706
E01003469,1612
E01003470,1818
E01003471,1655
E01003472,1321
E01003473,1262
E01003474,1273
E01003475,2723
E01003476,1375
E01003477,1532
E01003478,1596
E01003479,1577
E01003480,2296
E01003481,1558
E01003482,3092
E01003483,1596
E01003484,1717
E01003485,1639
E01003486,1262
E01003487,1340
E01003488,1987
E01003489,1824
E01003490,1945
E01003491,2209
E01003492,2199
E01003493,2445
E01003494,2390
E01003495,2202
E01003496,1424
E01003497,1717
E01003498,1855
E01003499,2601
E01003500,2202
E01003501,2355
E01003502,2042
E01003503,2246
E01003506,1318
E01003507,2518
E01003508,1896
E01003509,2108
E01003511,1613
E01003512,1951
E01003513,1707
E01003514,1604
E01003515,1925
E01003516,1909
E01003517,1757
E01003518,1671
E01003519,1618
E01003520,2173
E01003521,2537
E01003522,1941
E01003523,2073
E01003524,2258
E01003525,2167
E01003526,1951
E01003527,2138
E01003528,1481
E01003529,2461
E01003530,1842
E01003531,2166
E01003532,2084
E01003533,2180
E01003534,2412
E01003535,1807
E01003536,1911
E01003537,2219
E01003538,2184
E01003539,2375
E01003540,2034
E01003541,2062
E01003542,2060
E01003543,2665
E01003544,1875
E01003545,1783
E01003546,1902
E01003547,1965
E01003548,2338
E01003549,2175
E01003550,1860
E01003551,1915
E01003552,1736
E01003553,1901
E01003554,1933
E01003555,1906
E01003556,2080
E01003557,2086
E01003558,1617
E01003559,2609
E01003560,1863
E01003561,1953
E01003562,2261
E01003563,2162
E01003564,2435
E01003565,1931
E01003566,1851
E01003567,1923
E01003568,2367
E01003569,1959
E01003570,2074
E01003571,2278
E01003572,1775
E01003573,2234
E01003574,2620
E01003575,1759
E01003576,2065
E01003577,2210
E01003578,2209
E01003579,2049
E01003580,2003
E01003581,1958
E01003582,1745
E01003583,1978
E01003584,2026
E01003585,1733
E01003586,1968
E01003587,2604
E01003588,1851
E01003589,1965
E01003590,1566
E01003591,2277
E01003592,1897
E01003593,1565
E01003594,1792
E01003595,1849
E01003596,1889
E01003597,1625
E01003598,2034
E01003599,1661
E01003600,1686
E01003601,2293
E01003602,2182
E01003603,1995
E01003604,2433
E01003605,2371
E01003606,2421
E01003607,1772
E01003608,2209
E01003609,3894
E01003611,1953
E01003615,1945
E01003616,1864
E01003617,2972
E01003618,2154
E01003619,2362
E01003621,1696
E01003622,1769
E01003623,1891
E01003624,1727
E01003625,1787
E01003626,1575
E01003627,1555
E01003628,1749
E01003629,1602
E01003630,2198
E01003631,1901
E01003632,2496
E01003633,1890
E01003634,1932
E01003635,2001
E01003636,2044
E01003637,1920
E01033574,1506
E01033575,1232
E01033576,1836
E01033577,1594
E01033578,3467
E01033579,1546
E01033580,1785
E01033581,1848
E01033582,1598
E01033583,9551
E01033584,1624
E01033585,2533
E01033586,1754
E01003638,1695
E01003639,2012
E01003640,1847
E01003641,1631
E01003642,1802
E01003643,2017
E01003644,1619
E01003645,2732
E01003646,1962
E01003647,1883
E01003648,1504
E01003649,1639
E01003650,1498
E01003651,1504
E01003652,1604
E01003653,1610
E01003654,1615
E01003655,1569
E01003656,1578
E01003657,2328
E01003658,1787
E01003659,1734
E01003660,1798
E01003661,1930
E01003662,2233
E01003663,1918
E01003664,1758
E01003665,1728
E01003666,2920
E01003668,1688
E01003669,1675
E01003670,1545
E01003671,1557
E01003672,1783
E01003673,1872
E01003674,2460
E01003675,1720
E01003676,1804
E01003677,1664
E01003678,1627
E01003679,1699
E01003680,1940
E01003681,1861
E01003682,1773
E01003683,2280
E01003684,1958
E01003685,1955
E01003686,2128
E01003688,1942
E01003689,1749
E01003690,1908
E01003691,1549
E01003692,1689
E01003693,1621
E01003694,1471
E01003695,1524
E01003696,1961
E01003697,1683
E01003698,1432
E01003699,1590
E01003700,2298
E01003701,1836
E01003702,1798
E01003703,2699
E01003704,1770
E01003705,2337
E01003706,1714
E01003707,1351
E01003708,1562
E01003709,1708
E01003710,1465
E01003711,1860
E01003712,1221
E01003713,1816
E01003714,2252
E01003715,2129
E01003716,1874
E01003718,1966
E01003719,2204
E01003720,1860
E01003721,1866
E01003722,1986
E01003723,1909
E01003724,1464
E01003725,1564
E01003726,1607
E01003727,1705
E01003728,2886
E01003729,1840
E01003730,1700
E01003731,1540
E01003732,1829
E01003733,1751
E01003734,1816
E01003735,2473
E01003736,1636
E01003737,1852
E01003738,2282
E01003739,2362
E01003740,2257
E01003741,1842
E01003742,2330
E01003743,1888
E01003744,1364
E01003745,1428
E01003746,1555
E01003747,1309
E01003748,1542
E01003749,1616
E01003750,1726
E01003751,2012
E01003752,2794
E01003753,2065
E01003754,1739
E01003755,2088
E01003756,2170
E01003757,2145
E01003758,2904
E01003759,1565
E01003760,2005
E01003761,1841
E01003762,1704
E01003763,1996
E01003764,2157
E01003765,1890
E01003766,1892
E01003767,1991
E01003768,1834
E01003769,1784
E01003770,3089
E01003771,2067
E01003772,1815
E01003773,1834
E01003774,1817
E01003775,1893
E01003776,1781
E01003777,1836
E01003778,2038
E01003779,1607
E01003780,1574
E01003781,1871
E01003782,1801
E01003783,2496
E01003784,1873
E01003785,2094
E01003786,1558
E01003787,1585
E01003788,1958
E01003789,1442
E01003790,1464
E01003791,1529
E01003792,1433
E01003793,1650
E01003794,1564
E01003795,1223
E01003796,1608
E01032581,2004
E01033589,2129
E01033590,1540
E01033591,2057
E01033592,1914
E01003797,1468
E01003798,1476
E01003799,1628
E01003800,1488
E01003801,1283
E01003802,1294
E01003803,1494
E01003804,1708
E01003805,1602
E01003806,1606
E01003807,1951
E01003808,1900
E01003809,1712
E01003810,1690
E01003811,1771
E01003812,1986
E01003813,1645
E01003814,1732
E01003815,1957
E01003816,1747
E01003817,1959
E01003818,1632
E01003819,1714
E01003820,2076
E01003821,1551
E01003822,1432
E01003823,1705
E01003824,1623
E01003825,1818
E01003826,1800
E01003827,1886
E01003828,1521
E01003829,1700
E01003830,1743
E01003831,1720
E01003832,1495
E01003833,1423
E01003834,2249
E01003835,1619
E01003836,1480
E01003837,1984
E01003838,1913
E01003839,2146
E01003840,1622
E01003841,2075
E01003842,1655
E01003843,2117
E01003844,1448
E01003845,1707
E01003846,1709
E01003847,1523
E01003848,1855
E01003849,1509
E01003851,1633
E01003852,1382
E01003853,1506
E01003854,1489
E01003855,1865
E01003856,1623
E01003857,1918
E01003858,1622
E01003859,1637
E01003860,1763
E01003861,1863
E01003862,1673
E01003863,1463
E01003864,1522
E01003865,1353
E01003866,1669
E01003867,1537
E01003868,1507
E01003869,1652
E01003870,1922
E01003871,1859
E01003872,1503
E01003873,1655
E01003874,1563
E01003875,1624
E01003876,1670
E01003877,1641
E01003878,1424
E01003879,1646
E01003880,1479
E01003881,1776
E01003882,1916
E01003883,1911
E01003884,1815
E01003885,1528
E01003886,1730
E01003887,1794
E01003888,2047
E01003889,1740
E01003890,1570
E01003891,1812
E01003892,2017
E01003893,1602
E01003894,1752
E01003895,1750
E01003896,1870
E01003897,1847
E01003898,1596
E01003899,1474
E01003900,1570
E01003901,1768
E01003902,1316
E01003903,1673
E01003904,1689
E01003905,1392
E01003906,1730
E01003907,1765
E01003908,1837
E01003909,1619
E01003910,1719
E01033570,1750
E01033571,1539
E01003911,1802
E01003912,1458
E01003913,1945
E01003914,1953
E01003915,1916
E01003916,2241
E01003917,1926
E01003918,1545
E01003919,1827
E01003920,1957
E01003921,1596
E01003922,2121
E01003923,1837
E01003924,2031
E01003925,1577
E01003926,1437
E01003927,3056
E01003929,2337
E01003930,1589
E01003932,1570
E01003933,1533
E01003934,1756
E01003935,1300
E01003936,3263
E01003937,1364
E01003938,1632
E01003939,1904
E01003940,1379
E01003941,2031
E01003942,1560
E01003943,1211
E01003945,1723
E01003946,1788
E01003947,1509
E01003948,1679
E01003949,1967
E01003950,1849
E01003951,1478
E01003952,1723
E01003953,2109
E01003954,1632
E01003955,1962
E01003956,1721
E01003957,1790
E01003958,1749
E01003960,1984
E01003961,2150
E01003963,1626
E01003964,2152
E01003966,1949
E01003967,984
E01003968,1334
E01003969,2386
E01003970,1234
E01003971,1374
E01003972,1729
E01003973,1722
E01003974,1319
E01003975,1849
E01003976,2276
E01003977,2127
E01003978,2710
E01003979,1754
E01003980,1964
E01003981,2278
E01003983,2296
E01003984,2058
E01003986,1574
E01003987,1873
E01003988,2300
E01003989,1959
E01003990,2190
E01003991,1189
E01003992,1710
E01003993,1951
E01003994,1484
E01003995,1479
E01003997,1300
E01003998,1467
E01003999,1560
E01004000,2181
E01004001,1794
E01004002,1912
E01004003,1946
E01004004,2837
E01004005,2392
E01004006,2219
E01004007,1346
E01004008,2050
E01004010,1601
E01004011,2412
E01004012,2466
E01004013,1484
E01004014,1763
E01004015,1659
E01004016,2602
E01004017,1563
E01004018,1935
E01004019,2506
E01004020,1739
E01004021,2124
E01004022,3548
E01004023,1833
E01004024,2234
E01004027,2389
E01004028,2532
E01004029,2309
E01004030,1596
E01004031,2174
E01004032,1956
E01004033,2595
E01004034,1751
E01004035,1514
E01004036,2151
E01004037,2108
E01004038,2549
E01004039,1677
E01004040,1860
E01004041,1725
E01004042,1789
E01004043,1486
E01004044,1562
E01004045,1537
E01004046,1762
E01004047,1643
E01004048,1617
E01004049,2096
E01004050,1573
E01004051,1657
E01004052,1891
E01004053,1901
E01004054,1631
E01004055,1300
E01004056,2118
E01004057,1712
E01004058,1758
E01004059,1491
E01004060,2010
E01004061,1880
E01004062,2301
E01004063,2044
E01004064,2095
E01004065,1518
E01004066,2164
E01004067,2264
E01004068,2127
E01004069,1516
E01004070,2031
E01004071,1513
E01004072,1825
E01004073,2137
E01004074,1947
E01004075,1817
E01032583,1538
E01032584,1292
E01032637,1474
E01032638,1362
E01032639,2102
E01032640,1506
E01032646,1709
E01032719,1611
E01032720,1249
E01032722,2065
E01032803,1314
E01032805,2645
E01032834,1198
E01004076,1569
E01004077,1603
E01004078,1715
E01004079,1431
E01004080,1336
E01004081,1598
E01004082,1420
E01004083,1415
E01004084,1450
E01004085,1604
E01004086,1821
E01004087,1464
E01004088,1941
E01004089,1453
E01004090,1318
E01004091,1276
E01004092,1501
E01004093,1539
E01004094,1813
E01004095,1514
E01004096,1509
E01004097,1728
E01004098,1272
E01004099,1446
E01004100,1475
E01004101,1399
E01004102,1434
E01004103,1680
E01004104,1566
E01004105,1881
E01004106,1604
E01004107,1609
E01004108,2020
E01004109,1712
E01004110,1977
E01004111,1573
E01004112,1605
E01004114,1737
E01004115,1763
E01004116,1607
E01004117,1392
E01004118,1829
E01004119,1432
E01004120,1622
E01004121,1629
E01004122,1408
E01004123,2360
E01004124,1930
E01004125,1604
E01004126,1465
E01004127,1702
E01004128,1478
E01004129,1908
E01004130,1609
E01004131,1720
E01004132,1545
E01004133,1475
E01004134,1457
E01004135,1447
E01004136,1558
E01004137,1710
E01004138,1696
E01004139,1433
E01004140,1568
E01004141,1652
E01004142,2266
E01004143,1447
E01004144,1686
E01004145,2175
E01004146,1758
E01004147,1606
E01004148,1745
E01004149,1930
E01004150,1659
E01004151,1858
E01004152,1781
E01004153,1892
E01004154,1441
E01004155,1769
E01004156,1887
E01004157,1252
E01004158,1589
E01004159,1559
E01004160,1647
E01004161,1524
E01004162,1597
E01004163,1654
E01004164,1408
E01004165,1770
E01004166,1480
E01004167,1391
E01004168,1560
E01004169,1372
E01004170,2211
E01004171,1528
E01004172,1668
E01004173,1347
E01004174,1470
E01004175,1737
E01004176,1602
E01004177,1935
E01004178,2193
E01004179,1581
E01004180,1687
E01004181,1739
E01004182,1632
E01004183,1787
E01004184,1628
E01004185,1526
E01004186,1754
E01004187,1613
E01004188,1842
E01004189,1982
E01004190,1384
E01004191,1850
E01004192,1993
E01004193,2941
E01004194,1462
E01004195,1709
E01004196,1527
E01032623,1832
E01004197,2919
E01004198,1610
E01004199,1692
E01004200,1534
E01004201,1654
E01004202,1736
E01004203,1903
E01004204,1842
E01004205,2324
E01004206,1481
E01004207,1373
E01004208,2283
E01004209,1421
E01004211,1592
E01004212,1989
E01004214,1679
E01004215,3795
E01004216,1839
E01004217,1984
E01004218,1896
E01004219,2384
E01004221,2134
E01004222,2862
E01004223,2321
E01004224,2307
E01004225,2696
E01004226,2227
E01004228,2120
E01004229,1617
E01004230,2225
E01004231,1889
E01004232,1791
E01004233,2085
E01004234,2193
E01004235,1380
E01004236,1772
E01004237,1433
E01004238,4477
E01004239,1670
E01004240,1894
E01004241,1801
E01004242,4375
E01004243,1697
E01004244,2185
E01004245,1517
E01004246,2598
E01004247,2585
E01004248,1743
E01004249,2247
E01004250,2613
E01004251,2324
E01004252,2969
E01004253,3171
E01004254,2760
E01004255,1691
E01004256,1927
E01004257,2157
E01004258,1580
E01004259,1744
E01004260,1862
E01004261,2532
E01004262,1666
E01004263,1514
E01004264,1577
E01004266,1539
E01004267,2322
E01004268,1963
E01004269,2471
E01004270,2789
E01004271,1710
E01004272,2500
E01004273,2419
E01004274,2142
E01004275,2231
E01004276,2325
E01004277,1710
E01004280,1950
E01004281,1899
E01004283,2607
E01004284,3602
E01004285,2206
E01004286,2557
E01004287,2321
E01004288,1747
E01004289,2076
E01004290,1932
E01004291,1983
E01004292,1894
E01004293,2177
E01004294,1818
E01004295,1879
E01004296,2279
E01004297,1972
E01004298,1708
E01004300,1541
E01004301,1402
E01004302,2243
E01004303,2894
E01004304,2117
E01004305,2099
E01004306,1664
E01004307,2869
E01004308,1516
E01004309,3314
E01004310,1980
E01004311,1657
E01004312,1551
E01004313,2230
E01004314,1164
E01004315,1744
E01004316,1137
E01004317,3633
E01004318,1600
E01004319,2099
E01004321,1928
E01004322,1346
E01004323,1576
E01004324,1606
E01004325,3066
E01004326,1755
E01032764,2066
E01032765,1801
E01032766,1534
E01032767,2341
E01032768,1586
E01032769,1450
E01032770,1420
E01032771,1542
E01032772,1644
E01032773,3102
E01032774,1466
E01032775,1214
E01032776,1602
E01032777,1586
E01032778,1135
E01032779,1614
E01032780,1675
E01032781,1785
E01032782,2436
E01032783,1498
E01032784,1790
E01032785,2153
E01032786,1589
E01032787,2482
E01004327,1204
E01004328,1940
E01004329,1950
E01004330,1794
E01004331,1971
E01004332,1957
E01004333,1809
E01004334,1532
E01004335,1732
E01004336,1864
E01004337,2085
E01004338,1787
E01004339,1925
E01004340,1786
E01004341,2000
E01004342,2327
E01004343,1812
E01004344,1900
E01004345,1974
E01004346,1773
E01004347,2152
E01004348,2837
E01004349,1516
E01004350,1848
E01004351,1617
E01004352,1907
E01004353,1837
E01004354,1884
E01004355,1668
E01004356,1619
E01004357,1613
E01004358,1830
E01004359,1719
E01004360,1336
E01004361,1323
E01004362,1680
E01004363,1612
E01004364,1959
E01004365,2344
E01004366,2022
E01004367,1684
E01004368,1954
E01004369,1921
E01004370,1879
E01004371,1644
E01004372,1985
E01004373,1871
E01004374,1959
E01004375,1860
E01004376,2065
E01004377,1837
E01004378,1983
E01004379,1874
E01004380,1553
E01004381,1968
E01004382,1455
E01004383,1705
E01004384,2065
E01004385,1386
E01004386,1703
E01004387,1510
E01004388,1609
E01004389,1761
E01004390,1592
E01004391,2159
E01004392,2507
E01004393,2229
E01004394,1825
E01004395,1625
E01004396,1945
E01004397,2559
E01004398,2067
E01004399,1729
E01004400,1730
E01004401,2302
E01004402,1828
E01004403,1870
E01004404,2772
E01004405,1631
E01004406,1909
E01004407,2427
E01004408,1653
E01004409,1688
E01004410,1768
E01004411,1691
E01004412,1776
E01004413,1648
E01004414,1713
E01004415,1616
E01004416,1730
E01004417,1797
E01004418,1764
E01004419,1817
E01004420,2075
E01004421,2098
E01004422,1751
E01004423,2121
E01004424,1817
E01004425,2071
E01004426,1747
E01004427,2201
E01004428,1989
E01004429,2015
E01004430,2224
E01004432,1867
E01004434,2026
E01004435,2302
E01004436,1850
E01004437,1938
E01004438,2248
E01004439,1811
E01004440,2264
E01004441,1717
E01004442,1771
E01004443,1887
E01004444,2566
E01004445,1634
E01004446,2000
E01004447,1880
E01004448,1898
E01004449,1774
E01004450,1744
E01004451,1865
E01004452,1772
E01004453,1718
E01004454,1929
E01004455,1670
E01004456,1651
E01004457,1874
E01004458,1984
E01004459,1705
E01004460,1893
E01004461,2320
E01004462,1918
E01004463,2012
E01004464,1681
E01004465,1517
E01004466,1609
E01004467,2400
E01004468,1712
E01004469,1721
E01004470,1566
E01004471,1806
E01033153,3019
E01004472,1924
E01004473,1743
E01004474,1923
E01004475,1469
E01004476,1921
E01004477,1705
E01004478,1629
E01004479,1602
E01004480,1749
E01004481,1637
E01004482,1601
E01004483,2098
E01004484,1463
E01004485,1638
E01004486,1409
E01004487,1534
E01004488,1472
E01004489,1388
E01004490,1470
E01004491,2944
E01004492,1716
E01004493,1862
E01004494,1788
E01004495,1466
E01004496,2099
E01004497,1440
E01004498,1564
E01004499,1526
E01004500,1915
E01004501,1554
E01004502,1615
E01004503,1674
E01004504,1490
E01004505,1687
E01004506,1938
E01004507,1981
E01004508,2155
E01004509,2288
E01004510,2151
E01004511,1593
E01004512,1495
E01004513,1917
E01004514,1789
E01004515,1828
E01004516,1796
E01004517,2267
E01004518,1826
E01004519,1832
E01004520,1440
E01004521,2224
E01004522,1743
E01004523,1839
E01004524,1867
E01004525,1954
E01004526,1679
E01004527,1589
E01004528,1743
E01004529,2247
E01004530,1863
E01004531,1656
E01004532,1483
E01004533,1347
E01004534,1863
E01004535,1774
E01004536,2525
E01004537,1854
E01004538,2099
E01004539,2033
E01004540,2091
E01004541,1706
E01004542,1607
E01004543,1659
E01004544,1483
E01004545,1689
E01004546,1524
E01004547,1494
E01004548,2087
E01004549,1663
E01004550,1536
E01004551,1860
E01004552,2164
E01004553,1812
E01004554,1756
E01004555,1747
E01004556,1763
E01004557,1670
E01004558,1862
E01004559,1494
E01004560,2104
E01004562,1872
E01004563,2250
E01004564,1748
E01004565,1689
E01004566,1605
E01004567,2449
E01004568,1862
E01004569,2401
E01004570,2038
E01004571,1859
E01004572,1712
E01004573,1727
E01004574,1873
E01004575,1700
E01004576,1618
E01004577,2006
E01004579,1597
E01004580,2098
E01004581,1822
E01004582,2195
E01004583,1921
E01004584,1778
E01004585,2043
E01004586,2089
E01004587,1925
E01004588,2016
E01004589,1902
E01004590,1859
E01004591,1952
E01004592,1724
E01004593,1783
E01004594,1515
E01004595,1723
E01004596,1600
E01004597,1772
E01004598,1764
E01004599,1545
E01004600,2417
E01004601,2283
E01004602,1673
E01004604,1651
E01004605,1799
E01004606,1707
E01004607,1775
E01004608,1661
E01004609,2029
E01004610,1945
E01004611,1574
E01004612,1653
E01004613,1549
E01004614,2160
E01004615,1835
E01004616,2174
E01004617,1951
E01004618,1507
E01004619,1404
E01004620,1733
E01004621,1662
E01004622,1523
E01004623,1791
E01004624,1548
E01004625,1417
E01004626,1877
E01004627,1656
E01004628,2333
E01004629,1636
E01004630,1761
E01004631,1539
E01004632,1494
E01004633,1560
E01004634,1531
E01004635,1658
E01004636,1547
E01004637,1443
E01004638,1463
E01004639,1677
E01004640,1717
E01004641,1878
E01004642,2170
E01004643,2072
E01004644,2317
E01004645,2206
E01033093,2265
E01033098,1408
E01033099,1365
E01033100,1310
E01033101,1792
E01033132,1157
E01033133,1323
E01033135,1055
E01004646,1871
E01004647,1729
E01004648,2674
E01004649,1950
E01004650,2376
E01004651,2344
E01004652,1932
E01004653,1956
E01004654,2640
E01004656,2253
E01004657,1612
E01004658,1446
E01004659,2113
E01004660,2144
E01004661,2013
E01004662,1953
E01004663,1678
E01004665,1685
E01004666,1077
E01004667,1747
E01004668,1515
E01004669,1753
E01004670,2898
E01004674,2256
E01004675,2466
E01004676,1759
E01004677,1919
E01004678,2166
E01004679,2361
E01004680,1407
E01004681,2198
E01004682,1587
E01004683,1520
E01004684,1590
E01004686,1306
E01004687,1703
E01004688,2404
E01004689,1444
E01004690,1700
E01004691,1633
E01004692,1549
E01004693,1568
E01004694,2037
E01004695,1409
E01004696,1618
E01004697,1706
E01004698,1684
E01004699,2374
E01004700,2005
E01004701,1722
E01004702,2783
E01004703,2425
E01004705,1603
E01004706,1669
E01004707,2091
E01004708,1716
E01004709,1773
E01004710,1715
E01004711,1965
E01004712,1959
E01004713,1973
E01004714,2199
E01004715,2292
E01004716,1692
E01004717,1779
E01004718,2173
E01004719,2042
E01004720,2159
E01004721,2131
E01004722,2524
E01004723,2475
E01004724,1997
E01004725,1582
E01004726,1904
E01004727,2351
E01004728,1666
E01004729,1778
E01004730,1908
E01004731,2043
E01004732,1727
E01004733,2605
E01004734,1662
E01004735,1192
E01004736,1655
E01004737,1416
E01004738,1700
E01004739,1342
E01004740,1636
E01004741,1411
E01004742,1491
E01004743,1587
E01004744,1456
E01004745,2420
E01004746,1559
E01004747,2505
E01004748,1749
E01004749,3016
E01004750,1622
E01004751,1879
E01004752,1768
E01004753,1801
E01004754,1814
E01004755,2504
E01004756,1829
E01004757,1694
E01004760,1703
E01004761,1978
E01004762,2459
E01004763,2505
E01004765,2249
E01032512,2753
E01032513,1371
E01033593,1508
E01033594,1137
E01033595,1312
E01033596,1324
E01033597,1106
E01033598,1365
E01033599,1751
E01033600,1365
E01033601,1664
E01033602,1873
E01033603,1342
E01033604,1346
E01033605,2186
E01033606,1162
E01033607,1241
E01033608,1490
